MP4, , Basic info, , , , , , , FrameNum,,,,  FrameRatio(%),,,FrameSize,,,,CompressedRatio(%),,,, QP, , , FrmNum,,,,FrmNumRatio(%),,, FrmSize(Byte),,,, FrmSizeRatio(%),,,  Compressed Ratio, , , , AvgSize(Byte),,,,MaxSize(Byte),,,MinSize(Byte),,,Bit Rate(kbps), , , , , , , , Frame PSNR(db), , , , , , , , , , Frame QP, , , , , , , , , ,
MP4, , Basic info, , , , , , , FrameNum,,,,  FrameRatio(%),,,FrameSize,,,,CompressedRatio(%),,,, QP, , , FrmNum,,,,FrmNumRatio(%),,, FrmSize(Byte),,,, FrmSizeRatio(%),,,  Compressed Ratio, , , , AvgSize(Byte),,,,MaxSize(Byte),,,MinSize(Byte),,,Bit Rate(kbps), , , , , , , , Frame PSNR(db), , , , , , , , , , Frame QP, , , , , , , , , ,
Android-MX6-GalaxyJ7-APPS-01-MX6-Muse.mp4, 4.94, Baseline, 4.0,CAVLC, 368 x 640,24, 00:00:19:125,36.94, 459, 7 ,452 , 0,1.52, 98.47,0, 10827 ,44 748 , 10 302 ,0,  32, 7,  34,0, 26.38,33, 0, 459, 7, 452, 0, 1.52, 98.47, 0, 4970019, 313241, 4656778, 0, 6.30, 93.69, 0, 32.62, 7.89, 34.29, 0, 10827.92, 44748.71, 10302.60, 0, 66803, 21399, 0, 32019, 2654, 0,2030.76, 2537.79, 2582.41, 2400.33, 2296.60, 2195.60, 2158.56, 2110.46, 36.93, 38.89, 36.90, 0, 42.35, 41.03, 0, 36.44, 31.75, 0,26.38, 24.14, 26.41, 0, 26.00, 33.00, 0, 20.00, 23.00, 0
Android-MX6-GalaxyJ7-APPS-02-Galaxy-Muse.mp4, 2.84, Baseline, 4.0,CAVLC, 368 x 640,24, 00:00:10:375,38.27, 249, 4 ,245 , 0,1.60, 98.39,0, 10999 ,44 198 , 10 457 ,0,  32, 7,  33,0, 25.20,32, 20, 249, 4, 245, 0, 1.60, 98.39, 0, 2738784, 176793, 2561991, 0, 6.45, 93.54, 0, 32.11, 7.99, 33.78, 0, 10999.13, 44198.25, 10457.10, 0, 57383, 19525, 0, 35208, 2925, 0,2063.33, 2577.92, 2118.82, 1938.14, 1935.03, 1993.98, 2005.47, 2052.43, 38.26, 41.44, 38.21, 0, 42.49, 40.82, 0, 39.59, 33.46, 0,25.20, 21.75, 25.26, 0, 24.00, 32.00, 0, 20.00, 23.00, 0
Android-MX6-GalaxyJ7-APPS-03-Galaxy-Muse.mp4, 3.64, Baseline, 4.0,CAVLC, 368 x 640,24, 00:00:13:625,33.25, 327, 5 ,322 , 0,1.52, 98.47,0, 11000 ,38 417 , 10 574 ,0,  32, 9,  33,0, 29.59,33, 20, 327, 5, 322, 0, 1.52, 98.47, 0, 3597143, 192088, 3405055, 0, 5.34, 94.65, 0, 32.11, 9.19, 33.40, 0, 11000.43, 38417.60, 10574.70, 0, 66020, 21721, 0, 26563, 4643, 0,2063.33, 2578.22, 2983.28, 2485.55, 2312.65, 2235.06, 2231.24, 2156.75, 33.24, 35.93, 33.20, 0, 42.09, 36.94, 0, 32.15, 30.50, 0,29.57, 26.80, 29.61, 0, 31.00, 33.00, 0, 20.00, 25.00, 0
Android-MX6-GalaxyJ7-APPS-04-Galaxy-Muse.mp4, 3.52, Baseline, 4.0,CAVLC, 368 x 640,24, 00:00:13:125,33.05, 315, 5 ,310 , 0,1.58, 98.41,0, 11045 ,43 433 , 10 523 ,0,  31, 8,  33,0, 29.74,33, 20, 315, 5, 310, 0, 1.58, 98.41, 0, 3479429, 217169, 3262260, 0, 6.24, 93.75, 0, 31.98, 8.13, 33.57, 0, 11045.80, 43433.80, 10523.41, 0, 75438, 21010, 0, 31354, 2685, 0,2071.87, 2588.86, 3008.85, 2480.80, 2333.47, 2247.49, 2188.29, 2159.75, 33.04, 35.26, 33.01, 0, 42.04, 36.81, 0, 32.03, 30.66, 0,29.73, 27.40, 29.77, 0, 31.00, 33.00, 0, 20.00, 25.00, 0
Android-MX6-GalaxyJ7-APPS-05-Galaxy-Muse.mp4, 2.02, Baseline, 4.0,CAVLC, 368 x 640,24, 00:00:12:916,42.15, 310, 5 ,305 , 0,1.61, 98.38,0, 6147 ,25 225 , 5 835 ,0,  57, 14,  60,0, 21.94,25, 19, 310, 5, 305, 0, 1.61, 98.38, 0, 1905830, 126129, 1779701, 0, 6.61, 93.38, 0, 57.46, 14.00, 60.54, 0, 6147.83, 25225.80, 5835.08, 0, 27335, 10143, 0, 20551, 1418, 0,1153.31, 1441.36, 848.05, 977.94, 991.78, 1075.03, 1114.64, 1105.15, 42.14, 44.74, 42.10, 0, 44.99, 44.36, 0, 44.51, 40.07, 0,21.94, 19.20, 21.98, 0, 20.00, 25.00, 0, 19.00, 21.00, 0
Android-MX6-GalaxyJ7-APPS-06-MX6-Muse.mp4, 1.99, Baseline, 4.0,CAVLC, 368 x 640,24, 00:00:09:250,40.25, 222, 4 ,218 , 0,1.80, 98.19,0, 8782 ,32 182 , 8 353 ,0,  40, 10,  42,0, 23.08,26, 20, 222, 4, 218, 0, 1.80, 98.19, 0, 1949732, 128728, 1821004, 0, 6.60, 93.39, 0, 40.22, 10.97, 42.29, 0, 8782.57, 32182.00, 8353.22, 0, 36060, 15445, 0, 29129, 5569, 0,1646.73, 2058.41, 1721.08, 1638.23, 1526.01, 1578.01, 1632.70, 1626.01, 40.24, 43.07, 40.19, 0, 43.27, 41.38, 0, 42.86, 37.26, 0,23.07, 20.00, 23.13, 0, 20.00, 26.00, 0, 20.00, 22.00, 0
Android-MX6-GalaxyJ7-APPS-07-Galaxy-Muse.mp4, 3.81, Baseline, 4.0,CAVLC, 368 x 640,24, 00:00:15:833,40.53, 380, 6 ,374 , 0,1.57, 98.42,0, 9899 ,36 393 , 9 474 ,0,  35, 9,  37,0, 22.72,27, 20, 380, 6, 374, 0, 1.57, 98.42, 0, 3761965, 218358, 3543607, 0, 5.80, 94.19, 0, 35.68, 9.70, 37.28, 0, 9899.90, 36393.00, 9474.88, 0, 44241, 15540, 0, 31923, 3501, 0,1856.62, 2321.51, 2403.15, 2101.30, 2051.81, 1951.16, 1910.28, 1846.92, 40.52, 43.23, 40.48, 0, 43.60, 42.14, 0, 42.77, 36.55, 0,22.71, 20.00, 22.76, 0, 20.00, 27.00, 0, 20.00, 22.00, 0
Android-MX6-GalaxyJ7-APPS-08-MX6-Muse.mp4, 6.16, Baseline, 4.0,CAVLC, 368 x 640,24, 00:00:14:458,29.46, 347, 5 ,342 , 0,1.44, 98.55,0, 18261 ,51 008 , 17 782 ,0,  19, 6,  19,0, 32.51,35, 0, 347, 5, 342, 0, 1.44, 98.55, 0, 6336810, 255044, 6081766, 0, 4.02, 95.97, 0, 19.34, 6.92, 19.86, 0, 18261.70, 51008.80, 17782.94, 0, 104643, 24225, 0, 35137, 6938, 0,3426.04, 4282.55, 4154.16, 3704.71, 3592.88, 3569.48, 3460.35, 3473.14, 29.45, 31.12, 29.42, 0, 41.80, 32.82, 0, 27.68, 27.76, 0,32.38, 31.20, 32.40, 0, 35.00, 35.00, 0, 20.00, 30.00, 0
Android-MX6-GalaxyJ7-APPS-09-Galaxy-Muse.mp4, 3.78, Baseline, 4.0,CAVLC, 368 x 640,24, 00:00:13:625,33.19, 327, 5 ,322 , 0,1.52, 98.47,0, 11465 ,38 319 , 11 048 ,0,  30, 9,  31,0, 29.56,33, 20, 327, 5, 322, 0, 1.52, 98.47, 0, 3749288, 191597, 3557691, 0, 5.11, 94.88, 0, 30.81, 9.21, 31.97, 0, 11465.71, 38319.40, 11048.72, 0, 67220, 21096, 0, 28054, 4184, 0,2150.61, 2687.27, 3087.12, 2630.13, 2289.00, 2242.38, 2279.88, 2306.55, 33.18, 34.28, 33.17, 0, 42.12, 36.89, 0, 30.02, 30.37, 0,29.46, 28.40, 29.48, 0, 33.00, 33.00, 0, 20.00, 25.00, 0
